iter	MSLE	RMSE
0	0.8349915438	50.83367073
5	0.2798083488	18.80843853
10	0.08824974304	8.002675803
15	0.03028172812	4.781738003
